id;name;age;address;city
85;Lottaliina Jokipii;46;Vappukatu 40V 19;Kontiolahti
57;Paula Sebastián Terä;29;Pasikatu 30P 15;Siuntio
72;Alku Kasanen;60;Elintie 7E 10;Pyhäjoki
76;Karl-Oskar Esa Eriksen;55;Suvi-Tuulikkitie 14S 20;Seinäjoki
45;Helfrid Vinsent Korvenmaa;62;Donikakatu 38D 33;Vörå
22;Jimy Mai-Britt Isa-Maria Pajunen;27;Juusatie 45J 15;Ylivieska
91;Emma-Riikka Patrick Adeliina Kurjenmäki;21;Tarmokatu 39T 6;Pyhäselkä
10;Bill Lumi-Kukka Kirka Tapani;22;Sini-Orvokkitie 29S 34;Godby
59;Marietta Jukka-Matti Sanna-Maarit Pirje Lindsten;19;Gull-Britttie 1G 4;Parkano
82;Rashed Jon-Erik Mansi Koverola;58;Tiilakatu 27T 49;Konnevesi
21;Ann-Catrine Amir Fabiola Ylikruuvi;58;Vienakatu 35V 0;Joensuu
65;Yan Galina Lehtiaho;60;Nilssonkatu 38N 39;Halikko
46;Alexandros Kaarin Nivakoski;34;Kunotie 13K 28;Valkeakoski
47;Aadel Hugo Kiilunen;36;Miikanpoikakatu 25M 34;Asikkala
26;Gunnari Adlercreutz;57;Masatie 20M 48;Pukkila
4;Joppe Rianna Donia Luukela;66;Maleenatie 25M 9;Kristinestad
81;Lumi-Tuuli Ojuva;20;Paulkatu 20P 10;Alahärmä
74;Rebaz Selkamo;54;Masontie 8M 38;Padasjoki
36;Jasmiina Piia-Maarit Saikka;36;Mikko-Petterikatu 46M 48;Lempäälä
8;Ebrima Rolfsdotter Slussnäs;40;Kivikatu 2K 8;Polvijärvi
17;Lahcen Vallisto;18;Gabriellatie 35G 21;Tampere
62;Melissa Tuomonpoika Kirsimari Rihkajärvi;27;Tuula-Kaarinakatu 30T 17;Siilinjärvi
68;Katja-Maaria Catariina Oljemark;27;Ilyeskatu 50I 35;Juva
60;Kari Tia-Mari Darling Wilenius;29;Aidenkatu 3A 0;Nakkila
90;Abel Neri Latva-Pukkila;46;Annsofikatu 16A 32;Taipalsaari
20;Mari-Anne Sarra Anneke Räävi;34;Jarektie 35J 7;Karkku
61;Riikka-Maria Babak Ismälä;64;Anne-Maitie 27A 24;Somero
92;Talvi Keto-Tokoi;60;Siilaskatu 29S 18;Alavieska
55;Ann-Cristine Mahamud Ilja Rouvari;36;Ransukatu 24R 35;Taavetti
11;Eevi La Sivula;23;Gittekatu 26G 17;Lohtaja
87;Marine Hasan Karl-Anders Fredin;24;Duncantie 38D 1;Joensuu
1;Katja-Mari Isto Alise Emiliana Drufva;30;Emelinatie 47E 8;Valkeala
40;Mateusz Mianna Joaquim Mette Kronqvist;55;Björnsontie 21B 20;Taivassalo
49;The Angelica Korpelin;61;Iina-Emiliatie 31I 37;Pyhäranta
83;Mery Stefani Järn;30;Maijastiinakatu 26M 46;Mänttä
78;Asad Nasti Outakoski;26;Lianatie 47L 5;Hattula
56;Miran Herttua;56;Virpi-Mariakatu 8V 17;Vanhakylä
88;Rosamari Meri-Sisko Inari Flygare;57;Mahirtie 31M 11;Mikkelin Maalaiskunta
0;Dino Imane Kaisanlahti;28;Hafsakatu 40H 16;Vihti
77;Jimmie Yaseen Sun Olá;29;Helminakatu 13H 10;Heinolan Maalaiskunta
80;Sanny Liisa-Marjatta Even Ramin Pensas;24;Hanitie 44H 17;Kalajoki
29;Debbie Alpert Anna-Ulla Raittonen;41;Miihkalitie 16M 42;Miehikkälä
96;Teuta Tereza Liina Nikkari;40;Marjamtie 25M 0;Tyrvää
41;Kreeta Kati-Mari Helkamäki;62;Sierrakatu 45S 6;Keminmaa
18;Jere-Matti Thomsson;62;Vladakatu 45V 44;Joutseno
66;Enver Kujasalo;30;Bélakatu 2B 1;Taivassalo
38;Sofiia Ario Rauna Masonen;42;Atoskatu 37A 1;Ödkarby
33;Ann-Cathrine Yusef Karissa Henna-Maaria Knaapi;48;Havannakatu 39H 31;Kokemäki
3;Tiina-Mari Juho-Aleksi Böhme;52;Aurikatu 11A 1;Ulvila
30;Eskontytär Ani Alasuutari;35;Habibakatu 24H 6;Siilinjärvi
69;Ekaterini Halima Ahmeti;51;Ameliétie 6A 41;Huittinen
35;Alesia Piko Seren Seitti;60;Bernicetie 23B 25;Pargas
39;Anissa Sipriina Turpeenoja;44;Kalle-Mattikatu 28K 1;Lapua
19;Nadina Airikki Nurmivuori;33;Georgiakatu 20G 12;Ypäjä
64;Emerson Reeta-Kaisa Helakallio;66;Aakutie 14A 13;Loimaan Kunta
34;Abdulle Anatoljevna Karma;27;Pascalkatu 23P 3;Dickursby
95;Adolfo Anssi-Pekka Vesa-Antti Thérése Sahi;65;Simonakatu 14S 22;Harjavalta
6;Fei Asén;47;Taika-Tuuliakatu 3T 48;Gladas
25;Roosa-Maria Anselika Hanna-Riina Soikkanen;18;Adellekatu 39A 38;Ii
54;Katya Riikka-Elina Heli-Maarit Tiesmaa;39;Leena-Maarittie 24L 2;Uurainen
89;Khoa Kari-Juhani Eirene Vertti Runninmäki;32;Rebwartie 29R 26;Jyväskylän Maalaiskunta
16;Daniéla Eerin Jyrkämä;57;Wivecatie 35W 35;Masku
48;Eini Kopalainen;38;Fidelkatu 20F 36;Vesilahti
27;Arkadi Eirene Venna;45;Miroslavkatu 17M 29;Pyhäselkä
15;Dana Silver Jusef Houni;37;Adriennetie 3A 31;Miehikkälä
53;Merliina Jonna-Julia My Snabb;56;Aakutie 18A 46;Ristiina
75;Anielka Vladimir Joaquim Varma Reinholm;39;Hudatie 2H 12;Ylöjärvi
2;Ofelia Khaalid Kivivasara;59;Jawadtie 33J 44;Rantasalmi
5;Amela Naima Hellas;27;Rayaantie 48R 23;Rantasalmi
24;Setareh Emmakaisa Hakanperä;42;Georgijtie 47G 7;Kuusankoski
44;Stefan Luan Vahanen;20;Zachristie 32Z 26;Parikkala
7;Lippe Karmen Miro-Matias Jungerstam;47;Campbelltie 13C 6;Pattijoki
99;Ayub Teljo Vasarainen;20;Aljakatu 22A 22;Karlby
14;Mattia Saario;51;Nhuttie 2N 31;Pattijoki
52;Jan-Henry Mitra Heather Torni;65;Michalkatu 24M 7;Pedersöre
37;Muhsin Iivana Eddy Muli;24;Kultimokatu 27K 8;Vantaa
79;Tibor Aksana Enver Kaltiola;57;Hanna-Marikatu 23H 2;Suolahti
50;Maikki Atte-Pekka Puistosalo;59;Iltatie 26I 16;Parkano
31;Miran Oodi Hannemari Anteronpoika Yli-Seppänen;27;Juuliakatu 12J 14;Toivakka
28;Heine Ava Lyly Pirkola;57;Dimitartie 22D 1;Hattula
13;Salla-Tuulia Eeva-Mari Isohätälä;24;Lilyankatu 8L 49;Suolahti
98;Kosma Alan Antonis Lis-Marie Larjama;24;Anni-Leenakatu 27A 36;Oulunsalo
84;Laine Nicolas Päivä Teri Korte;30;Jaskakatu 32J 19;Savitaipale
71;Caro Fanni Relander;41;Lahjatie 44L 11;Pomarkku
42;Ann-Catrine Avelina Äyri;43;Tracykatu 28T 49;Haukipudas
67;Phu Pirkka Leo-Pekka Kyöstiö;62;Edentie 32E 19;Hamina
97;Hjalte Antigona Rchidi;54;Anna-Kristiinatie 4A 14;Merikarvia
58;Alexej Jousea;31;Hibotie 47H 18;Kempele
51;Anna-Mi Orvokki Mosorin;55;Ilakatu 29I 6;Nurmo
94;Kirmo Antonietta Pelamo;41;Pirjoriittakatu 20P 28;Karkkila
12;Eppu Uula Palonkoski;66;Marthatie 20M 38;Kiiminki
63;Maud Kaukomieli Milja-Maria Sederlöf;29;Joellatie 25J 40;Rautjärvi
73;Päivi-Maarit Zaid Nimo Kivilähde;64;Markontytärkatu 49M 23;Hausjärvi
9;Mattia Melis Eliisabet Balk;44;Beedatie 3B 46;Karinainen
43;Noa Sinaida Sigurd Al-Emara;56;Nikolaostie 38N 12;Rusko
32;Robinson Napoleon Aktas;52;Maximilliantie 29M 4;Geta
86;Tini Mirela Drycksbäck;65;Timurtie 9T 8;Marttila
23;Hermine Leena-Liisa Spencer Stockmakari;30;Heta-Stiinakatu 37H 2;Kauhava
93;Pauno Rosa-Emilia Yuan Nevander;26;Iitamarikatu 7I 20;Toijala
70;Ingeborg Pricilla Metsävainio;67;Millitie 30M 19;Raseborg
